{"cameraMode":{"drawMode":0,"name":"Shaded","section":"Shading Mode"},"sceneLighting":false,"audioPlay":false,"sceneViewState":{"m_AlwaysRefresh":false,"showFog":true,"showSkybox":false,"showFlares":true,"showImageEffects":true,"showParticleSystems":true,"showVisualEffectGraphs":true,"m_FxEnabled":true},"in2DMode":false,"pivot":{"x":0.016088038682937623,"y":1.4386203289031983,"z":-0.156014084815979},"rotation":{"x":-0.02175343967974186,"y":-0.9747910499572754,"z":0.10500621050596237,"w":-0.19697080552577973},"size":1.9736716747283936,"orthographic":false}