{"cameraMode":{"drawMode":0,"name":"Shaded","section":"Shading Mode"},"sceneLighting":false,"audioPlay":false,"sceneViewState":{"m_AlwaysRefresh":false,"showFog":true,"showSkybox":false,"showFlares":true,"showImageEffects":true,"showParticleSystems":true,"showVisualEffectGraphs":true,"m_FxEnabled":true},"in2DMode":false,"pivot":{"x":0.6221862435340881,"y":-0.08285936713218689,"z":0.2961571514606476},"rotation":{"x":0.1140962690114975,"y":0.575921893119812,"z":-0.08112327009439469,"w":0.8058040142059326},"size":0.7057900428771973,"orthographic":false}