{"cameraMode":{"drawMode":0,"name":"Shaded","section":"Shading Mode"},"sceneLighting":false,"audioPlay":false,"sceneViewState":{"m_AlwaysRefresh":false,"showFog":true,"showSkybox":false,"showFlares":true,"showImageEffects":true,"showParticleSystems":true,"showVisualEffectGraphs":true,"m_FxEnabled":true},"in2DMode":false,"pivot":{"x":0.01054525375366211,"y":3.0079519748687746,"z":2.996426820755005},"rotation":{"x":-0.14310698211193086,"y":0.07503431290388107,"z":-0.011091104708611966,"w":-0.9869437217712402},"size":4.546402454376221,"orthographic":false}