{"cameraMode":{"drawMode":0,"name":"Shaded","section":"Shading Mode"},"sceneLighting":true,"audioPlay":false,"sceneViewState":{"m_AlwaysRefresh":false,"showFog":true,"showSkybox":true,"showFlares":true,"showImageEffects":true,"showParticleSystems":true,"showVisualEffectGraphs":true,"m_FxEnabled":true},"in2DMode":false,"pivot":{"x":-10.243743896484375,"y":-6.546873569488525,"z":4.569625377655029},"rotation":{"x":0.2561076581478119,"y":-0.00481612142175436,"z":0.0013828816590830684,"w":0.9669589996337891},"size":12.715335845947266,"orthographic":false}