{"cameraMode":{"drawMode":0,"name":"Shaded","section":"Shading Mode"},"sceneLighting":true,"audioPlay":false,"sceneViewState":{"m_AlwaysRefresh":false,"showFog":true,"showSkybox":true,"showFlares":true,"showImageEffects":true,"showParticleSystems":true,"showVisualEffectGraphs":true,"m_FxEnabled":true},"in2DMode":false,"pivot":{"x":499.52630615234377,"y":87.8714828491211,"z":117.3897933959961},"rotation":{"x":0.016505373641848565,"y":-0.03059088997542858,"z":0.0004497565096244216,"w":0.9994797110557556},"size":131.18569946289063,"orthographic":false}